<?xml version="1.0" encoding="utf-8"?>
<!DOCTYPE nta PUBLIC '-//Uppaal Team//DTD Flat System 1.1//EN' 'http://www.it.uu.se/research/group/darts/uppaal/flat-1_2.dtd'>
<nta>
	<declaration>// Place global declarations here.
broadcast chan Order,CallWaiter,Serve;
const int minWaitWaiter=2;
const int maxWaitWaiter=6;
const int minWaitFood=11;
const int maxWaitFood=15;
const int minAngryWaitServer=1;
const int maxAngryWaitServer=5;
const int minAngryWaitFood=1;
const int maxAngryWaitFood=5;</declaration>
	<template>
		<name x="5" y="5">customer</name>
		<declaration>// Place local declarations here.
clock t;</declaration>
		<location id="id0" x="272" y="8">
			<name x="262" y="-22">Leave</name>
		</location>
		<location id="id1" x="384" y="88">
			<name x="374" y="58">AngryWaitingFood</name>
			<label kind="invariant" x="400" y="88">t&lt;=maxAngryWaitFood</label>
		</location>
		<location id="id2" x="496" y="192">
			<name x="486" y="162">Eat</name>
		</location>
		<location id="id3" x="383" y="190">
			<name x="400" y="160">waitFood</name>
			<label kind="invariant" x="373" y="207">t&lt;=maxWaitFood</label>
		</location>
		<location id="id4" x="216" y="88">
			<name x="206" y="54">AngryWaitServer</name>
			<label kind="invariant" x="56" y="96">t&lt;=maxAngryWaitServer</label>
		</location>
		<location id="id5" x="216" y="190">
			<name x="206" y="156">waitWaiter</name>
			<label kind="invariant" x="206" y="207">t&lt;=maxWaitWaiter</label>
		</location>
		<location id="id6" x="114" y="190">
			<name x="80" y="152">seated</name>
			<label kind="invariant" x="88" y="200">t&lt;=5</label>
		</location>
		<init ref="id6"/>
		<transition>
			<source ref="id1"/>
			<target ref="id2"/>
			<label kind="synchronisation" x="440" y="120">Serve?</label>
		</transition>
		<transition>
			<source ref="id4"/>
			<target ref="id3"/>
			<label kind="synchronisation" x="272" y="104">Order?</label>
			<label kind="assignment" x="264" y="128">t=0</label>
		</transition>
		<transition>
			<source ref="id3"/>
			<target ref="id1"/>
			<label kind="guard" x="320" y="120">t&gt;=minWaitFood</label>
			<label kind="assignment" x="352" y="136">t=0</label>
		</transition>
		<transition>
			<source ref="id1"/>
			<target ref="id0"/>
			<label kind="guard" x="320" y="24">t&gt;=minAngryWaitFood</label>
		</transition>
		<transition>
			<source ref="id4"/>
			<target ref="id0"/>
			<label kind="guard" x="96" y="24">t&gt;=minAngryWaitServer</label>
		</transition>
		<transition>
			<source ref="id3"/>
			<target ref="id2"/>
			<label kind="synchronisation" x="416" y="192">Serve?</label>
		</transition>
		<transition>
			<source ref="id5"/>
			<target ref="id3"/>
			<label kind="synchronisation" x="256" y="168">Order?</label>
			<label kind="assignment" x="256" y="192">t=0</label>
		</transition>
		<transition>
			<source ref="id5"/>
			<target ref="id4"/>
			<label kind="guard" x="104" y="120">t&gt;=minWaitWaiter</label>
			<label kind="assignment" x="184" y="136">t=0</label>
		</transition>
		<transition>
			<source ref="id6"/>
			<target ref="id5"/>
			<label kind="synchronisation" x="132" y="173">CallWaiter!</label>
			<label kind="assignment" x="132" y="190">t=0</label>
		</transition>
	</template>
	<template>
		<name>waiter</name>
		<declaration>clock t;</declaration>
		<location id="id7" x="-240" y="-128">
			<name x="-250" y="-158">ResponseTime</name>
			<label kind="invariant" x="-250" y="-113">t&lt;2</label>
		</location>
		<location id="id8" x="-365" y="-127">
		</location>
		<init ref="id8"/>
		<transition>
			<source ref="id7"/>
			<target ref="id8"/>
			<label kind="guard" x="-312" y="-224">t&gt;=1</label>
			<label kind="synchronisation" x="-320" y="-200">Order!</label>
			<nail x="-240" y="-200"/>
			<nail x="-368" y="-200"/>
		</transition>
		<transition>
			<source ref="id8"/>
			<target ref="id7"/>
			<label kind="synchronisation" x="-336" y="-152">CallWaiter?</label>
			<label kind="assignment" x="-312" y="-128">t=0</label>
		</transition>
	</template>
	<template>
		<name>chef</name>
		<declaration>clock t;</declaration>
		<location id="id9" x="120" y="0">
			<label kind="invariant" x="110" y="15">t&lt;11</label>
		</location>
		<location id="id10" x="0" y="0">
		</location>
		<init ref="id10"/>
		<transition>
			<source ref="id9"/>
			<target ref="id10"/>
			<label kind="guard" x="40" y="-80">t&gt;=5</label>
			<label kind="synchronisation" x="32" y="-56">Serve!</label>
			<nail x="120" y="-56"/>
			<nail x="0" y="-56"/>
		</transition>
		<transition>
			<source ref="id10"/>
			<target ref="id9"/>
			<label kind="synchronisation" x="24" y="-24">Order?</label>
			<label kind="assignment" x="48" y="0">t=0</label>
		</transition>
	</template>
	<system>// Place template instantiations here.

// List one or more processes to be composed into a system.
system customer,waiter,chef;
    </system>
	<queries>
		<query>
			<formula>A[] not customer.Leave</formula>
			<comment></comment>
		</query>
		<query>
			<formula>A[] not customer.AngryWaitingFood</formula>
			<comment></comment>
		</query>
		<query>
			<formula>A[] not customer.AngryWaitServer</formula>
			<comment></comment>
		</query>
		<query>
			<formula>A&lt;&gt;customer.Eat</formula>
			<comment></comment>
		</query>
	</queries>
</nta>
